group,file,web_w,web_h,archive_match,archive_w,archive_h,scale,outcome
art,art-001.jpg,500,226,/Users/pedro/Pictures/Illustrations_stored/people/hal8.jpg,121,55,0.24,same-size copy in archive
art,art-002.jpg,425,216,,,,,not in accessible archives
art,art-003.jpg,453,377,,,,,not in accessible archives
art,art-004.jpg,425,271,,,,,not in accessible archives
art,art-005.jpg,98,140,,,,,not in accessible archives
art,art-006.jpg,500,375,/Users/pedro/Pictures/Illustrations_stored/thelab/l32.jpg,600,450,1.20,same-size copy in archive
art,art-007.jpg,468,308,,,,,not in accessible archives
art,art-008.jpg,350,255,,,,,not in accessible archives
art,art-009.jpg,380,396,,,,,not in accessible archives
art,art-010.jpg,380,209,,,,,not in accessible archives
art,art-011.jpg,335,420,,,,,not in accessible archives
art,art-012.jpg,164,480,,,,,not in accessible archives
art,art-013.jpg,380,311,,,,,not in accessible archives
art,art-014.jpg,320,286,,,,,not in accessible archives
art,art-015.jpg,131,200,,,,,not in accessible archives
art,art-016.jpg,500,323,,,,,not in accessible archives
art,art-017.jpg,500,375,,,,,not in accessible archives
art,art-018.jpg,321,480,,,,,not in accessible archives
art,art-019.jpg,500,333,,,,,not in accessible archives
art,art-020.jpg,500,240,,,,,not in accessible archives
art,art-021.jpg,500,395,,,,,not in accessible archives
art,art-022.jpg,500,375,,,,,not in accessible archives
art,art-023.jpg,312,135,,,,,not in accessible archives
art,art-024.jpg,500,333,,,,,not in accessible archives
art,art-025.jpg,500,333,,,,,not in accessible archives
art,art-026.jpg,500,333,,,,,not in accessible archives
art,art-027.jpg,500,333,,,,,not in accessible archives
art,art-028.jpg,300,281,,,,,not in accessible archives
art,art-029.jpg,500,365,,,,,not in accessible archives
art,art-030.jpg,500,342,,,,,not in accessible archives
art,art-031.jpg,500,370,,,,,not in accessible archives
art,art-032.jpg,500,401,,,,,not in accessible archives
art,art-033.jpg,452,480,,,,,not in accessible archives
art,art-034.jpg,400,252,,,,,not in accessible archives
art,art-035.jpg,440,480,,,,,not in accessible archives
art,art-036.jpg,500,339,,,,,not in accessible archives
art,art-037.jpg,450,293,,,,,not in accessible archives
art,art-038.jpg,450,199,,,,,not in accessible archives
art,art-039.jpg,450,197,,,,,not in accessible archives
art,art-040.jpg,450,207,,,,,not in accessible archives
art,art-041.jpg,450,217,,,,,not in accessible archives
art,equipo57-001.jpg,289,292,,,,,not in accessible archives
art,equipo57-002.jpg,289,290,,,,,not in accessible archives
art,equipo57-003.jpg,289,290,,,,,not in accessible archives
art,equipo57-004.jpg,289,292,,,,,not in accessible archives
art,equipo57-005.jpg,342,258,,,,,not in accessible archives
art,equipo57-006.jpg,289,290,,,,,not in accessible archives
art,equipo57-007.jpg,289,292,,,,,not in accessible archives
art,equipo57-008.jpg,288,290,,,,,not in accessible archives
art,equipo57-009.jpg,289,290,,,,,not in accessible archives
art,equipo57-010.jpg,289,289,,,,,not in accessible archives
birds,birds-001.jpg,311,208,,,,,not in accessible archives
birds,birds-002.jpg,311,208,,,,,not in accessible archives
birds,birds-003.jpg,311,208,,,,,not in accessible archives
birds,birds-004.jpg,311,208,,,,,not in accessible archives
birds,birds-005.jpg,311,208,,,,,not in accessible archives
birds,birds-006.jpg,311,208,,,,,not in accessible archives
birds,birds-007.jpg,311,208,,,,,not in accessible archives
birds,birds-008.jpg,1024,683,/Users/pedro/Pictures/Birds.pxvlibrary/Masters/2017/5/27/A366CD30-F28A-41BD-91BD-76498422E358.pxvitem/Originals/Canastera_Glareola pratincola4.jpg,1024,683,1.00,replaced with larger original
birds,birds-009.jpg,208,311,,,,,not in accessible archives
birds,birds-010.jpg,311,208,,,,,not in accessible archives
birds,birds-011.jpg,311,208,,,,,not in accessible archives
birds,birds-012.jpg,311,208,,,,,not in accessible archives
birds,birds-013.jpg,311,208,,,,,not in accessible archives
birds,birds-014.jpg,311,176,,,,,not in accessible archives
birds,birds-015.jpg,311,176,,,,,not in accessible archives
birds,birds-016.jpg,311,176,,,,,not in accessible archives
birds,birds-017.jpg,311,176,,,,,not in accessible archives
birds,birds-018.jpg,311,176,,,,,not in accessible archives
birds,birds-019.jpg,311,176,,,,,not in accessible archives
birds,birds-020.jpg,311,176,,,,,not in accessible archives
birds,birds-021.jpg,311,176,,,,,not in accessible archives
birds,birds-022.jpg,311,208,,,,,not in accessible archives
birds,birds-023.jpg,311,176,,,,,not in accessible archives
birds,birds-024.jpg,311,208,,,,,not in accessible archives
birds,birds-025.jpg,311,176,,,,,not in accessible archives
birds,birds-026.jpg,311,208,,,,,not in accessible archives
birds,birds-027.jpg,208,311,,,,,not in accessible archives
birds,birds-028.jpg,311,208,,,,,not in accessible archives
birds,birds-029.jpg,311,208,,,,,not in accessible archives
birds,birds-030.jpg,311,176,,,,,not in accessible archives
birds,birds-031.jpg,311,208,,,,,not in accessible archives
birds,birds-032.jpg,311,208,,,,,not in accessible archives
birds,birds-033.jpg,311,208,,,,,not in accessible archives
brazil,brazil-001.jpg,500,375,,,,,not in accessible archives
brazil,brazil-002.jpg,500,375,,,,,not in accessible archives
brazil,brazil-003.jpg,500,375,,,,,not in accessible archives
brazil,brazil-004.jpg,500,375,,,,,not in accessible archives
brazil,brazil-005.jpg,500,375,,,,,not in accessible archives
brazil,brazil-006.jpg,500,375,,,,,not in accessible archives
brazil,cardoso-001.jpg,476,480,,,,,not in accessible archives
brazil,cardoso-002.jpg,500,375,,,,,not in accessible archives
brazil,cardoso-003.jpg,500,375,,,,,not in accessible archives
brazil,cardoso-004.jpg,500,373,,,,,not in accessible archives
brazil,cardoso-005.jpg,500,375,,,,,not in accessible archives
brazil,cardoso-006.jpg,500,375,,,,,not in accessible archives
brazil,cardoso-007.jpg,500,375,,,,,not in accessible archives
brazil,cardoso-008.jpg,500,375,,,,,not in accessible archives
brazil,cardoso-009.jpg,500,228,,,,,not in accessible archives
brazil,cardoso-010.jpg,500,375,,,,,not in accessible archives
brazil,cardoso-011.jpg,500,333,,,,,not in accessible archives
brazil,cardoso-012.jpg,500,375,,,,,not in accessible archives
brazil,cardoso-013.jpg,500,375,,,,,not in accessible archives
brazil,cardoso-014.jpg,500,375,,,,,not in accessible archives
brazil,cardoso-015.jpg,500,375,,,,,not in accessible archives
brazil,cardoso-016.jpg,500,375,,,,,not in accessible archives
brazil,cardoso-017.jpg,500,375,,,,,not in accessible archives
brazil,pantanal-001.jpg,500,375,,,,,not in accessible archives
brazil,pantanal-002.jpg,500,375,,,,,not in accessible archives
brazil,pantanal-003.jpg,500,375,,,,,not in accessible archives
brazil,pantanal-004.jpg,500,375,,,,,not in accessible archives
brazil,pantanal-005.jpg,500,375,,,,,not in accessible archives
brazil,pantanal-006.jpg,500,375,,,,,not in accessible archives
brazil,pantanal-007.jpg,500,375,,,,,not in accessible archives
brazil,pantanal-008.jpg,500,375,,,,,not in accessible archives
brazil,pantanal-009.jpg,500,375,,,,,not in accessible archives
brazil,pantanal-010.jpg,500,375,/Users/pedro/Pictures/Illustrations_stored/thelab/l32.jpg,600,450,1.20,same-size copy in archive
brazil,pantanal-011.jpg,500,375,,,,,not in accessible archives
brazil,pantanal-012.jpg,500,375,,,,,not in accessible archives
brazil,pantanal-013.jpg,500,375,,,,,not in accessible archives
brazil,pantanal-014.jpg,500,375,,,,,not in accessible archives
brazil,pantanal-015.jpg,500,375,,,,,not in accessible archives
brazil,pantanal-016.jpg,500,375,,,,,not in accessible archives
brazil,pantanal-017.jpg,500,375,,,,,not in accessible archives
brazil,pantanal-018.jpg,500,375,,,,,not in accessible archives
brazil,pantanal-019.jpg,500,375,,,,,not in accessible archives
brazil,pantanal-020.jpg,500,375,,,,,not in accessible archives
brazil,pantanal-021.jpg,500,375,,,,,not in accessible archives
brazil,pantanal-022.jpg,500,375,,,,,not in accessible archives
brazil,pantanal-023.jpg,500,375,,,,,not in accessible archives
brazil,pantanal-024.jpg,500,375,,,,,not in accessible archives
brazil,pantanal-025.jpg,500,375,,,,,not in accessible archives
brazil,pantanal-026.jpg,500,375,,,,,not in accessible archives
brazil,pantanal-027.jpg,360,480,,,,,not in accessible archives
brazil,pantanal-028.jpg,500,375,,,,,not in accessible archives
brazil,pantanal-029.jpg,500,375,,,,,not in accessible archives
brazil,pantanal-030.jpg,500,375,,,,,not in accessible archives
brazil,pantanal-031.jpg,500,375,,,,,not in accessible archives
brazil,pantanal-032.jpg,500,375,,,,,not in accessible archives
brazil,pantanal-033.jpg,500,375,,,,,not in accessible archives
brazil,pantanal-034.jpg,500,375,,,,,not in accessible archives
brazil,pantanal-035.jpg,360,480,,,,,not in accessible archives
brazil,pantanal-036.jpg,500,375,,,,,not in accessible archives
brazil,pantanal-037.jpg,319,480,,,,,not in accessible archives
brazil,pantanal-038.jpg,500,332,,,,,not in accessible archives
brazil,pantanal-039.jpg,500,332,,,,,not in accessible archives
brazil,pantanal-040.jpg,500,390,,,,,not in accessible archives
brazil,pantanal-041.jpg,500,379,,,,,not in accessible archives
brazil,pantanal-042.jpg,500,332,,,,,not in accessible archives
brazil,pantanal-043.jpg,500,332,,,,,not in accessible archives
brazil,pantanal-044.jpg,500,332,,,,,not in accessible archives
brazil,pantanal-045.jpg,500,375,,,,,not in accessible archives
brazil,pantanal-046.jpg,500,332,,,,,not in accessible archives
brazil,pantanal-047.jpg,500,332,,,,,not in accessible archives
brazil,pantanal-048.jpg,319,480,,,,,not in accessible archives
brazil,pantanal-049.jpg,500,332,,,,,not in accessible archives
brazil,pantanal-050.jpg,319,480,,,,,not in accessible archives
brazil,pantanal-051.jpg,500,335,,,,,not in accessible archives
brazil,pantanal-052.jpg,500,332,,,,,not in accessible archives
brazil,pantanal-053.jpg,500,332,,,,,not in accessible archives
brazil,pantanal-054.jpg,500,332,,,,,not in accessible archives
brazil,pantanal-055.jpg,319,480,,,,,not in accessible archives
brazil,pantanal-056.jpg,500,375,,,,,not in accessible archives
brazil,pantanal-057.jpg,500,386,,,,,not in accessible archives
brazil,pantanal-058.jpg,500,332,,,,,not in accessible archives
brazil,pantanal-059.jpg,500,337,,,,,not in accessible archives
brazil,pantanal-060.jpg,479,480,,,,,not in accessible archives
brazil,pantanal-061.jpg,319,201,,,,,not in accessible archives
brazil,pantanal-062.jpg,318,212,,,,,not in accessible archives
brazil,pantanal-063.jpg,500,375,,,,,not in accessible archives
brazil,pantanal-064.jpg,500,375,,,,,not in accessible archives
brazil,pantanal-065.jpg,500,375,,,,,not in accessible archives
fruits-flowers,fruits-001.jpg,159,244,,,,,not in accessible archives
fruits-flowers,fruits-002.jpg,500,375,,,,,not in accessible archives
fruits-flowers,fruits-003.jpg,500,375,,,,,not in accessible archives
fruits-flowers,fruits-004.jpg,500,375,,,,,not in accessible archives
fruits-flowers,fruits-005.jpg,500,375,,,,,not in accessible archives
fruits-flowers,fruits-006.jpg,500,375,,,,,not in accessible archives
fruits-flowers,fruits-007.jpg,500,375,,,,,not in accessible archives
fruits-flowers,fruits-008.jpg,500,375,,,,,not in accessible archives
fruits-flowers,fruits-009.jpg,500,375,,,,,not in accessible archives
fruits-flowers,fruits-010.jpg,500,375,,,,,not in accessible archives
fruits-flowers,fruits-011.jpg,500,375,,,,,not in accessible archives
fruits-flowers,fruits-012.jpg,500,330,,,,,not in accessible archives
fruits-flowers,fruits-013.jpg,500,375,,,,,not in accessible archives
fruits-flowers,fruits-014.jpg,500,375,,,,,not in accessible archives
fruits-flowers,fruits-015.jpg,500,375,,,,,not in accessible archives
fruits-flowers,fruits-016.jpg,500,375,,,,,not in accessible archives
fruits-flowers,fruits-017.jpg,500,375,,,,,not in accessible archives
fruits-flowers,fruits-018.jpg,500,375,,,,,not in accessible archives
fruits-flowers,fruits-019.jpg,360,480,,,,,not in accessible archives
fruits-flowers,fruits-020.jpg,500,332,,,,,not in accessible archives
fruits-flowers,fruits-021.jpg,500,374,,,,,not in accessible archives
fruits-flowers,fruits-022.jpg,500,332,,,,,not in accessible archives
fruits-flowers,fruits-023.jpg,500,328,,,,,not in accessible archives
fruits-flowers,fruits-024.jpg,360,480,,,,,not in accessible archives
fruits-flowers,fruits-025.jpg,500,374,,,,,not in accessible archives
fruits-flowers,fruits-026.jpg,500,374,,,,,not in accessible archives
fruits-flowers,fruits-027.jpg,500,374,,,,,not in accessible archives
fruits-flowers,fruits-028.jpg,500,333,,,,,not in accessible archives
fruits-flowers,fruits-029.jpg,500,333,,,,,not in accessible archives
fruits-flowers,fruits-030.jpg,500,333,,,,,not in accessible archives
fruits-flowers,fruits-031.jpg,500,332,,,,,not in accessible archives
fruits-flowers,fruits-032.jpg,320,480,,,,,not in accessible archives
fruits-flowers,fruits-033.jpg,500,332,,,,,not in accessible archives
fruits-flowers,fruits-034.jpg,500,375,,,,,not in accessible archives
fruits-flowers,fruits-035.jpg,500,333,,,,,not in accessible archives
fruits-flowers,fruits-036.jpg,500,332,,,,,not in accessible archives
fruits-flowers,fruits-037.jpg,500,332,,,,,not in accessible archives
fruits-flowers,fruits-038.jpg,319,480,,,,,not in accessible archives
fruits-flowers,fruits-039.jpg,500,333,,,,,not in accessible archives
fruits-flowers,fruits-040.jpg,500,332,,,,,not in accessible archives
fruits-flowers,fruits-041.jpg,500,332,,,,,not in accessible archives
fruits-flowers,fruits-042.jpg,500,332,,,,,not in accessible archives
fruits-flowers,fruits-043.jpg,500,332,,,,,not in accessible archives
fruits-flowers,fruits-044.jpg,500,332,,,,,not in accessible archives
fruits-flowers,fruits-045.jpg,500,375,,,,,not in accessible archives
fruits-flowers,fruits-046.jpg,500,332,,,,,not in accessible archives
fruits-flowers,fruits-047.jpg,500,375,,,,,not in accessible archives
fruits-flowers,fruits-048.jpg,500,375,,,,,not in accessible archives
fruits-flowers,fruits-049.jpg,500,375,,,,,not in accessible archives
fruits-flowers,fruits-050.jpg,500,313,,,,,not in accessible archives
fruits-flowers,fruits-051.jpg,280,193,,,,,not in accessible archives
fruits-flowers,fruits-052.jpg,218,280,,,,,not in accessible archives
fruits-flowers,fruits-053.jpg,208,280,,,,,not in accessible archives
fruits-flowers,fruits-054.jpg,500,375,,,,,not in accessible archives
fruits-flowers,fruits-055.jpg,500,375,,,,,not in accessible archives
fruits-flowers,fruits-056.jpg,500,375,,,,,not in accessible archives
fruits-flowers,fruits-057.jpg,500,375,,,,,not in accessible archives
megafauna-fruits,megafauna-001.jpg,800,600,,,,,not in accessible archives
megafauna-fruits,megafauna-002.jpg,800,600,,,,,not in accessible archives
megafauna-fruits,megafauna-003.jpg,800,600,,,,,not in accessible archives
megafauna-fruits,megafauna-004.jpg,800,600,,,,,not in accessible archives
megafauna-fruits,megafauna-005.jpg,800,600,,,,,not in accessible archives
megafauna-fruits,megafauna-006.jpg,800,600,,,,,not in accessible archives
megafauna-fruits,megafauna-007.jpg,800,600,,,,,not in accessible archives
megafauna-fruits,megafauna-008.jpg,800,600,,,,,not in accessible archives
megafauna-fruits,megafauna-009.jpg,800,600,,,,,not in accessible archives
megafauna-fruits,megafauna-010.jpg,800,600,,,,,not in accessible archives
megafauna-fruits,megafauna-011.jpg,800,600,,,,,not in accessible archives
megafauna-fruits,megafauna-012.jpg,800,600,,,,,not in accessible archives
megafauna-fruits,megafauna-013.jpg,800,600,,,,,not in accessible archives
megafauna-fruits,megafauna-014.jpg,800,600,,,,,not in accessible archives
megafauna-fruits,megafauna-015.jpg,800,600,,,,,not in accessible archives
megafauna-fruits,megafauna-016.jpg,800,600,,,,,not in accessible archives
networks,networks-001.jpg,151,269,,,,,not in accessible archives
networks,networks-002.jpg,500,315,,,,,not in accessible archives
networks,networks-003.jpg,500,315,,,,,not in accessible archives
networks,networks-004.jpg,500,315,,,,,not in accessible archives
networks,networks-005.jpg,500,315,,,,,not in accessible archives
networks,networks-006.jpg,500,277,,,,,not in accessible archives
networks,networks-007.jpg,500,351,,,,,not in accessible archives
networks,networks-008.jpg,500,345,,,,,not in accessible archives
networks,networks-009.jpg,476,376,,,,,not in accessible archives
networks,networks-010.jpg,476,298,,,,,not in accessible archives
networks,networks-011.jpg,500,352,,,,,not in accessible archives
networks,networks-012.jpg,344,242,,,,,not in accessible archives
networks,networks-013.jpg,500,375,,,,,not in accessible archives
networks,networks-014.jpg,500,253,,,,,not in accessible archives
networks,networks-015.jpg,376,480,,,,,not in accessible archives
networks,networks-016.jpg,500,406,,,,,not in accessible archives
networks,networks-017.jpg,500,354,,,,,not in accessible archives
networks,networks-018.jpg,500,354,,,,,not in accessible archives
networks,networks-019.jpg,456,480,,,,,not in accessible archives
networks,networks-020.jpg,352,374,,,,,not in accessible archives
networks,networks-021.jpg,335,326,,,,,not in accessible archives
networks,networks-022.jpg,369,480,,,,,not in accessible archives
networks,networks-023.jpg,500,411,,,,,not in accessible archives
prunus-mahaleb,prunus-001.jpg,352,480,,,,,not in accessible archives
prunus-mahaleb,prunus-002.jpg,500,375,,,,,not in accessible archives
prunus-mahaleb,prunus-003.jpg,500,375,,,,,not in accessible archives
prunus-mahaleb,prunus-004.jpg,500,375,,,,,not in accessible archives
prunus-mahaleb,prunus-005.jpg,350,279,,,,,not in accessible archives
prunus-mahaleb,prunus-006.jpg,500,375,,,,,not in accessible archives
prunus-mahaleb,prunus-007.jpg,500,375,,,,,not in accessible archives
prunus-mahaleb,prunus-008.jpg,500,375,,,,,not in accessible archives
prunus-mahaleb,prunus-009.jpg,500,334,,,,,not in accessible archives
prunus-mahaleb,prunus-010.jpg,500,323,,,,,not in accessible archives
prunus-mahaleb,prunus-011.jpg,500,375,,,,,not in accessible archives
prunus-mahaleb,prunus-012.jpg,500,343,,,,,not in accessible archives
prunus-mahaleb,prunus-013.jpg,500,375,,,,,not in accessible archives
prunus-mahaleb,prunus-014.jpg,360,480,,,,,not in accessible archives
prunus-mahaleb,prunus-015.jpg,500,375,,,,,not in accessible archives
prunus-mahaleb,prunus-016.jpg,360,480,,,,,not in accessible archives
prunus-mahaleb,prunus-017.jpg,500,375,,,,,not in accessible archives
prunus-mahaleb,prunus-018.jpg,360,480,,,,,not in accessible archives
prunus-mahaleb,prunus-019.jpg,500,375,,,,,not in accessible archives
prunus-mahaleb,prunus-020.jpg,500,375,,,,,not in accessible archives
prunus-mahaleb,prunus-021.jpg,500,375,,,,,not in accessible archives
prunus-mahaleb,prunus-022.jpg,500,375,,,,,not in accessible archives
prunus-mahaleb,prunus-023.jpg,157,103,,,,,not in accessible archives
prunus-mahaleb,prunus-024.jpg,500,375,,,,,not in accessible archives
prunus-mahaleb,prunus-025.jpg,500,375,,,,,not in accessible archives
prunus-mahaleb,prunus-026.jpg,500,375,,,,,not in accessible archives
prunus-mahaleb,prunus-027.jpg,360,480,,,,,not in accessible archives
prunus-mahaleb,prunus-028.jpg,500,375,,,,,not in accessible archives
prunus-mahaleb,prunus-029.jpg,500,375,,,,,not in accessible archives
prunus-mahaleb,prunus-030.jpg,500,375,,,,,not in accessible archives
prunus-mahaleb,prunus-031.jpg,500,375,,,,,not in accessible archives
prunus-mahaleb,prunus-032.jpg,500,375,,,,,not in accessible archives
prunus-mahaleb,prunus-033.jpg,500,375,,,,,not in accessible archives
prunus-mahaleb,prunus-034.jpg,500,375,,,,,not in accessible archives
prunus-mahaleb,prunus-035.jpg,500,375,,,,,not in accessible archives
prunus-mahaleb,prunus-036.jpg,500,375,,,,,not in accessible archives
prunus-mahaleb,prunus-037.jpg,500,375,,,,,not in accessible archives
prunus-mahaleb,prunus-038.jpg,500,375,,,,,not in accessible archives
prunus-mahaleb,prunus-039.jpg,500,375,,,,,not in accessible archives
prunus-mahaleb,prunus-040.jpg,500,375,,,,,not in accessible archives
prunus-mahaleb,prunus-042.jpg,500,375,,,,,not in accessible archives
prunus-mahaleb,prunus-043.jpg,500,375,,,,,not in accessible archives
prunus-mahaleb,prunus-044.jpg,500,375,,,,,not in accessible archives
prunus-mahaleb,prunus-045.jpg,500,375,,,,,not in accessible archives
prunus-mahaleb,prunus-046.jpg,500,375,,,,,not in accessible archives
prunus-mahaleb,prunus-047.jpg,500,375,,,,,not in accessible archives
prunus-mahaleb,prunus-048.jpg,500,375,,,,,not in accessible archives
prunus-mahaleb,prunus-049.jpg,500,375,,,,,not in accessible archives
prunus-mahaleb,prunus-050.jpg,500,375,,,,,not in accessible archives
prunus-mahaleb,prunus-051.jpg,500,375,,,,,not in accessible archives
prunus-mahaleb,prunus-052.jpg,500,375,,,,,not in accessible archives
prunus-mahaleb,prunus-053.jpg,500,375,,,,,not in accessible archives
prunus-mahaleb,prunus-054.jpg,500,375,,,,,not in accessible archives
prunus-mahaleb,prunus-055.jpg,500,375,,,,,not in accessible archives
prunus-mahaleb,prunus-056.jpg,500,375,,,,,not in accessible archives
prunus-mahaleb,prunus-057.jpg,500,375,,,,,not in accessible archives
prunus-mahaleb,prunus-058.jpg,500,375,,,,,not in accessible archives
prunus-mahaleb,prunus-059.jpg,500,332,,,,,not in accessible archives
prunus-mahaleb,prunus-060.jpg,500,332,,,,,not in accessible archives
prunus-mahaleb,prunus-061.jpg,500,332,,,,,not in accessible archives
prunus-mahaleb,prunus-062.jpg,500,332,,,,,not in accessible archives
prunus-mahaleb,prunus-063.jpg,500,332,,,,,not in accessible archives
prunus-mahaleb,prunus-064.jpg,500,332,,,,,not in accessible archives
prunus-mahaleb,prunus-065.jpg,500,332,,,,,not in accessible archives
prunus-mahaleb,prunus-066.jpg,500,332,,,,,not in accessible archives
prunus-mahaleb,prunus-067.jpg,500,375,,,,,not in accessible archives
prunus-mahaleb,prunus-068.jpg,500,332,,,,,not in accessible archives
prunus-mahaleb,prunus-069.jpg,500,332,,,,,not in accessible archives
prunus-mahaleb,prunus-070.jpg,319,480,,,,,not in accessible archives
prunus-mahaleb,prunus-071.jpg,500,332,,,,,not in accessible archives
prunus-mahaleb,prunus-072.jpg,500,332,,,,,not in accessible archives
prunus-mahaleb,prunus-073.jpg,500,332,,,,,not in accessible archives
prunus-mahaleb,prunus-074.jpg,500,332,,,,,not in accessible archives
prunus-mahaleb,prunus-075.jpg,500,332,,,,,not in accessible archives
prunus-mahaleb,prunus-076.jpg,500,332,,,,,not in accessible archives
prunus-mahaleb,prunus-077.jpg,500,332,,,,,not in accessible archives
prunus-mahaleb,prunus-078.jpg,500,375,,,,,not in accessible archives
prunus-mahaleb,prunus-079.jpg,500,332,,,,,not in accessible archives
prunus-mahaleb,prunus-080.jpg,500,332,,,,,not in accessible archives
prunus-mahaleb,prunus-081.jpg,500,332,,,,,not in accessible archives
prunus-mahaleb,prunus-082.jpg,500,332,,,,,not in accessible archives
prunus-mahaleb,prunus-083.jpg,500,375,,,,,not in accessible archives
study-sites,alcornocales-001.jpg,319,480,,,,,not in accessible archives
study-sites,alcornocales-002.jpg,500,375,/Users/pedro/Pictures/Illustrations_stored/thelab/l53.jpg,600,450,1.20,same-size copy in archive
study-sites,alcornocales-003.jpg,500,375,,,,,not in accessible archives
study-sites,alcornocales-004.jpg,500,375,,,,,not in accessible archives
study-sites,alcornocales-005.jpg,500,375,,,,,not in accessible archives
study-sites,alcornocales-006.jpg,500,375,,,,,not in accessible archives
study-sites,alcornocales-007.jpg,500,375,,,,,not in accessible archives
study-sites,alcornocales-008.jpg,500,375,,,,,not in accessible archives
study-sites,alcornocales-009.jpg,360,480,,,,,not in accessible archives
study-sites,alcornocales-010.jpg,500,375,,,,,not in accessible archives
study-sites,alcornocales-011.jpg,500,375,,,,,not in accessible archives
study-sites,alcornocales-012.jpg,500,375,,,,,not in accessible archives
study-sites,alcornocales-013.jpg,500,375,,,,,not in accessible archives
study-sites,alcornocales-014.jpg,500,375,,,,,not in accessible archives
study-sites,alcornocales-015.jpg,500,375,,,,,not in accessible archives
study-sites,alcornocales-016.jpg,500,375,,,,,not in accessible archives
study-sites,alcornocales-017.jpg,500,375,,,,,not in accessible archives
study-sites,alcornocales-018.jpg,500,375,,,,,not in accessible archives
study-sites,alcornocales-019.jpg,500,375,,,,,not in accessible archives
study-sites,alcornocales-020.jpg,500,375,,,,,not in accessible archives
study-sites,alcornocales-021.jpg,500,375,,,,,not in accessible archives
study-sites,alcornocales-022.jpg,500,375,,,,,not in accessible archives
study-sites,alcornocales-023.jpg,500,375,,,,,not in accessible archives
study-sites,correhuelas-001.jpg,500,375,,,,,not in accessible archives
study-sites,correhuelas-002.jpg,500,375,,,,,not in accessible archives
study-sites,correhuelas-003.jpg,500,375,,,,,not in accessible archives
study-sites,correhuelas-004.jpg,500,375,,,,,not in accessible archives
study-sites,correhuelas-005.jpg,500,375,,,,,not in accessible archives
study-sites,correhuelas-006.jpg,500,375,,,,,not in accessible archives
study-sites,correhuelas-007.jpg,500,375,,,,,not in accessible archives
study-sites,correhuelas-008.jpg,500,375,,,,,not in accessible archives
study-sites,correhuelas-009.jpg,500,375,,,,,not in accessible archives
study-sites,correhuelas-010.jpg,500,375,,,,,not in accessible archives
study-sites,correhuelas-011.jpg,500,375,,,,,not in accessible archives
study-sites,correhuelas-012.jpg,500,375,,,,,not in accessible archives
study-sites,correhuelas-013.jpg,500,375,,,,,not in accessible archives
study-sites,correhuelas-014.jpg,500,375,,,,,not in accessible archives
study-sites,correhuelas-015.jpg,500,375,,,,,not in accessible archives
study-sites,correhuelas-016.jpg,500,375,,,,,not in accessible archives
study-sites,correhuelas-017.jpg,500,375,,,,,not in accessible archives
study-sites,correhuelas-018.jpg,500,375,,,,,not in accessible archives
study-sites,correhuelas-019.jpg,500,375,,,,,not in accessible archives
study-sites,correhuelas-020.jpg,500,375,,,,,not in accessible archives
study-sites,correhuelas-021.jpg,500,375,,,,,not in accessible archives
study-sites,correhuelas-022.jpg,500,375,,,,,not in accessible archives
study-sites,correhuelas-023.jpg,500,375,,,,,not in accessible archives
study-sites,correhuelas-024.jpg,500,375,,,,,not in accessible archives
study-sites,correhuelas-025.jpg,500,105,,,,,not in accessible archives
study-sites,correhuelas-026.jpg,500,375,,,,,not in accessible archives
study-sites,correhuelas-027.jpg,500,375,,,,,not in accessible archives
study-sites,correhuelas-028.jpg,500,375,,,,,not in accessible archives
study-sites,correhuelas-029.jpg,500,375,,,,,not in accessible archives
study-sites,correhuelas-030.jpg,500,375,,,,,not in accessible archives
study-sites,correhuelas-031.jpg,500,375,,,,,not in accessible archives
study-sites,guadahornillos-001.jpg,360,480,,,,,not in accessible archives
study-sites,guadahornillos-002.jpg,500,375,,,,,not in accessible archives
study-sites,guadahornillos-003.jpg,500,375,,,,,not in accessible archives
study-sites,guadahornillos-004.jpg,500,375,,,,,not in accessible archives
study-sites,guadahornillos-005.jpg,500,375,,,,,not in accessible archives
study-sites,guadahornillos-006.jpg,500,375,,,,,not in accessible archives
study-sites,guadahornillos-007.jpg,500,328,,,,,not in accessible archives
study-sites,guadahornillos-008.jpg,500,375,,,,,not in accessible archives
study-sites,guadahornillos-009.jpg,500,375,,,,,not in accessible archives
study-sites,guadahornillos-010.jpg,500,375,,,,,not in accessible archives
study-sites,guadahornillos-011.jpg,500,375,,,,,not in accessible archives
study-sites,guadahornillos-012.jpg,500,375,,,,,not in accessible archives
study-sites,guadahornillos-013.jpg,500,375,,,,,not in accessible archives
study-sites,guadahornillos-014.jpg,500,375,,,,,not in accessible archives
study-sites,guadahornillos-015.jpg,500,375,,,,,not in accessible archives
study-sites,guadahornillos-016.jpg,500,375,,,,,not in accessible archives
study-sites,guadahornillos-017.jpg,500,375,,,,,not in accessible archives
study-sites,guadahornillos-018.jpg,360,480,,,,,not in accessible archives
study-sites,guadahornillos-019.jpg,500,375,,,,,not in accessible archives
study-sites,guadahornillos-020.jpg,500,375,,,,,not in accessible archives
study-sites,guadahornillos-021.jpg,500,375,,,,,not in accessible archives
study-sites,guadahornillos-022.jpg,500,375,,,,,not in accessible archives
study-sites,guadahornillos-023.jpg,500,375,,,,,not in accessible archives
study-sites,guadahornillos-024.jpg,500,375,,,,,not in accessible archives
study-sites,guadahornillos-025.jpg,500,339,,,,,not in accessible archives
study-sites,guadahornillos-026.jpg,500,375,,,,,not in accessible archives
study-sites,guadahornillos-027.jpg,500,375,,,,,not in accessible archives
study-sites,guadahornillos-028.jpg,500,375,,,,,not in accessible archives
study-sites,guadahornillos-029.jpg,500,375,,,,,not in accessible archives
study-sites,guadahornillos-030.jpg,500,375,,,,,not in accessible archives
study-sites,guadahornillos-031.jpg,500,375,,,,,not in accessible archives
the-lab,ieg-001.jpg,500,375,/Users/pedro/Pictures/Illustrations_stored/ieg_gallery/picture-1.jpg,500,375,1.00,same-size copy in archive
the-lab,ieg-002.jpg,500,375,/Users/pedro/Pictures/Illustrations_stored/ieg_gallery/picture-10.jpg,500,375,1.00,same-size copy in archive
the-lab,ieg-003.jpg,500,336,/Users/pedro/Pictures/Illustrations_stored/ieg_gallery/picture-100.jpg,500,336,1.00,same-size copy in archive
the-lab,ieg-004.jpg,322,479,/Users/pedro/Pictures/Illustrations_stored/ieg_gallery/picture-101.jpg,322,479,1.00,same-size copy in archive
the-lab,ieg-005.jpg,429,480,/Users/pedro/Pictures/Illustrations_stored/ieg_gallery/picture-102.jpg,429,480,1.00,same-size copy in archive
the-lab,ieg-006.jpg,499,352,/Users/pedro/Pictures/Illustrations_stored/ieg_gallery/picture-103.jpg,499,352,1.00,same-size copy in archive
the-lab,ieg-007.jpg,4928,3264,/Users/pedro/Pictures/Illustrations_stored/Birds_photos_www/Gaviotas/Ich. audouinii/Gaviota de Audouin-Ichthyaetus audouinii 18.jpg,4928,3264,1.00,rejected by colour check (false hash match)
the-lab,ieg-008.jpg,315,480,/Users/pedro/Pictures/Illustrations_stored/ieg_gallery/picture-105.jpg,315,480,1.00,same-size copy in archive
the-lab,ieg-009.jpg,315,479,/Users/pedro/Pictures/Illustrations_stored/ieg_gallery/picture-106.jpg,315,479,1.00,same-size copy in archive
the-lab,ieg-010.jpg,499,329,/Users/pedro/Pictures/Illustrations_stored/ieg_gallery/picture-107.jpg,499,329,1.00,same-size copy in archive
the-lab,ieg-011.jpg,499,352,/Users/pedro/Pictures/Illustrations_stored/ieg_gallery/picture-108.jpg,499,352,1.00,same-size copy in archive
the-lab,ieg-012.jpg,499,327,/Users/pedro/Pictures/Illustrations_stored/ieg_gallery/picture-109.jpg,499,327,1.00,same-size copy in archive
the-lab,ieg-013.jpg,498,222,/Users/pedro/Pictures/Illustrations_stored/ieg_gallery/picture-11.jpg,498,222,1.00,same-size copy in archive
the-lab,ieg-014.jpg,500,375,/Users/pedro/Pictures/Illustrations_stored/ieg_gallery/picture-110.jpg,500,375,1.00,same-size copy in archive
the-lab,ieg-015.jpg,500,375,/Users/pedro/Pictures/Illustrations_stored/ieg_gallery/picture-111.jpg,500,375,1.00,same-size copy in archive
the-lab,ieg-016.jpg,500,375,/Users/pedro/Pictures/Illustrations_stored/ieg_gallery/picture-112.jpg,500,375,1.00,same-size copy in archive
the-lab,ieg-017.jpg,500,375,/Users/pedro/Pictures/Illustrations_stored/ieg_gallery/picture-113.jpg,500,375,1.00,same-size copy in archive
the-lab,ieg-018.jpg,499,332,/Users/pedro/Pictures/Illustrations_stored/ieg_gallery/picture-114.jpg,499,332,1.00,same-size copy in archive
the-lab,ieg-019.jpg,500,375,/Users/pedro/Pictures/Illustrations_stored/ieg_gallery/picture-115.jpg,500,375,1.00,same-size copy in archive
the-lab,ieg-020.jpg,500,375,/Users/pedro/Pictures/Illustrations_stored/ieg_gallery/picture-116.jpg,500,375,1.00,same-size copy in archive
the-lab,ieg-021.jpg,499,332,/Users/pedro/Pictures/Illustrations_stored/ieg_gallery/picture-117.jpg,499,332,1.00,same-size copy in archive
the-lab,ieg-022.jpg,360,480,/Users/pedro/Pictures/Illustrations_stored/ieg_gallery/picture-118.jpg,360,480,1.00,same-size copy in archive
the-lab,ieg-023.jpg,499,302,/Users/pedro/Pictures/Illustrations_stored/ieg_gallery/picture-119.jpg,499,302,1.00,same-size copy in archive
the-lab,ieg-024.jpg,500,375,/Users/pedro/Pictures/Illustrations_stored/ieg_gallery/picture-12.jpg,500,375,1.00,same-size copy in archive
the-lab,ieg-025.jpg,500,375,/Users/pedro/Pictures/Illustrations_stored/ieg_gallery/picture-120.jpg,500,375,1.00,same-size copy in archive
the-lab,ieg-026.jpg,500,375,/Users/pedro/Pictures/Illustrations_stored/ieg_gallery/picture-121.jpg,500,375,1.00,same-size copy in archive
the-lab,ieg-027.jpg,500,375,/Users/pedro/Pictures/Illustrations_stored/ieg_gallery/picture-122.jpg,500,375,1.00,same-size copy in archive
the-lab,ieg-028.jpg,499,413,/Users/pedro/Pictures/Illustrations_stored/ieg_gallery/picture-123.jpg,499,413,1.00,same-size copy in archive
the-lab,ieg-029.jpg,320,480,/Users/pedro/Pictures/Illustrations_stored/ieg_gallery/picture-124.jpg,320,480,1.00,same-size copy in archive
the-lab,ieg-030.jpg,500,310,/Users/pedro/Pictures/Illustrations_stored/ieg_gallery/picture-125.jpg,500,310,1.00,same-size copy in archive
the-lab,ieg-031.jpg,499,337,/Users/pedro/Pictures/Illustrations_stored/ieg_gallery/picture-126.jpg,499,337,1.00,same-size copy in archive
the-lab,ieg-032.jpg,360,480,/Users/pedro/Pictures/Illustrations_stored/ieg_gallery/picture-127.jpg,360,480,1.00,same-size copy in archive
the-lab,ieg-033.jpg,500,375,/Users/pedro/Pictures/Illustrations_stored/ieg_gallery/picture-128.jpg,500,375,1.00,same-size copy in archive
the-lab,ieg-034.jpg,500,375,/Users/pedro/Pictures/Illustrations_stored/ieg_gallery/picture-129.jpg,500,375,1.00,same-size copy in archive
the-lab,ieg-035.jpg,500,375,/Users/pedro/Pictures/Illustrations_stored/ieg_gallery/picture-13.jpg,500,375,1.00,same-size copy in archive
the-lab,ieg-036.jpg,360,480,/Users/pedro/Pictures/Illustrations_stored/ieg_gallery/picture-130.jpg,360,480,1.00,same-size copy in archive
the-lab,ieg-037.jpg,500,375,/Users/pedro/Pictures/Illustrations_stored/ieg_gallery/picture-128.jpg,500,375,1.00,same-size copy in archive
the-lab,ieg-038.jpg,500,375,/Users/pedro/Pictures/Illustrations_stored/ieg_gallery/picture-132.jpg,500,375,1.00,same-size copy in archive
the-lab,ieg-039.jpg,500,375,/Users/pedro/Pictures/Illustrations_stored/ieg_gallery/picture-14.jpg,500,375,1.00,same-size copy in archive
the-lab,ieg-040.jpg,500,375,/Users/pedro/Pictures/Illustrations_stored/ieg_gallery/picture-15.jpg,500,375,1.00,same-size copy in archive
the-lab,ieg-041.jpg,500,375,/Users/pedro/Pictures/Illustrations_stored/ieg_gallery/picture-16.jpg,500,375,1.00,same-size copy in archive
the-lab,ieg-042.jpg,500,375,/Users/pedro/Pictures/Illustrations_stored/ieg_gallery/picture-17.jpg,500,375,1.00,same-size copy in archive
the-lab,ieg-043.jpg,500,375,/Users/pedro/Pictures/Illustrations_stored/ieg_gallery/picture-18.jpg,500,375,1.00,same-size copy in archive
the-lab,ieg-044.jpg,500,375,/Users/pedro/Pictures/Illustrations_stored/ieg_gallery/picture-19.jpg,500,375,1.00,same-size copy in archive
the-lab,ieg-045.jpg,500,375,/Users/pedro/Pictures/Illustrations_stored/ieg_gallery/picture-2.jpg,500,375,1.00,same-size copy in archive
the-lab,ieg-046.jpg,360,480,/Users/pedro/Pictures/Illustrations_stored/ieg_gallery/picture-20.jpg,360,480,1.00,same-size copy in archive
the-lab,ieg-047.jpg,500,375,/Users/pedro/Pictures/Illustrations_stored/ieg_gallery/picture-21.jpg,500,375,1.00,same-size copy in archive
the-lab,ieg-048.jpg,500,375,/Users/pedro/Pictures/Illustrations_stored/ieg_gallery/picture-22.jpg,500,375,1.00,same-size copy in archive
the-lab,ieg-049.jpg,500,375,/Users/pedro/Pictures/Illustrations_stored/ieg_gallery/picture-23.jpg,500,375,1.00,same-size copy in archive
the-lab,ieg-050.jpg,500,375,/Users/pedro/Pictures/Illustrations_stored/ieg_gallery/picture-24.jpg,500,375,1.00,same-size copy in archive
the-lab,ieg-051.jpg,499,440,/Users/pedro/Pictures/Illustrations_stored/ieg_gallery/picture-25.jpg,499,440,1.00,same-size copy in archive
the-lab,ieg-052.jpg,300,242,/Users/pedro/Pictures/Illustrations_stored/ieg_gallery/picture-26.jpg,300,242,1.00,same-size copy in archive
the-lab,ieg-053.jpg,499,331,/Users/pedro/Pictures/Illustrations_stored/ieg_gallery/picture-27.jpg,499,331,1.00,same-size copy in archive
the-lab,ieg-054.jpg,500,375,/Users/pedro/Pictures/Illustrations_stored/ieg_gallery/picture-28.jpg,500,375,1.00,same-size copy in archive
the-lab,ieg-055.jpg,499,324,/Users/pedro/Pictures/Illustrations_stored/thelab/l1.jpg,600,389,1.20,same-size copy in archive
the-lab,ieg-056.jpg,500,305,/Users/pedro/Pictures/Illustrations_stored/ieg_gallery/picture-3.jpg,500,305,1.00,same-size copy in archive
the-lab,ieg-057.jpg,499,336,/Users/pedro/Pictures/Illustrations_stored/thelab/l2.jpg,600,404,1.20,same-size copy in archive
the-lab,ieg-058.jpg,500,375,/Users/pedro/Pictures/Illustrations_stored/ieg_gallery/picture-31.jpg,500,375,1.00,same-size copy in archive
the-lab,ieg-059.jpg,315,479,/Users/pedro/Pictures/Illustrations_stored/ieg_gallery/picture-32.jpg,315,479,1.00,same-size copy in archive
the-lab,ieg-060.jpg,500,375,/Users/pedro/Pictures/Illustrations_stored/ieg_gallery/picture-33.jpg,500,375,1.00,same-size copy in archive
the-lab,ieg-061.jpg,389,265,/Users/pedro/Pictures/Illustrations_stored/ieg_gallery/picture-34.jpg,389,265,1.00,same-size copy in archive
the-lab,ieg-062.jpg,500,199,/Users/pedro/Pictures/Illustrations_stored/ieg_gallery/picture-35.jpg,500,199,1.00,same-size copy in archive
the-lab,ieg-063.jpg,275,301,/Users/pedro/Pictures/Illustrations_stored/ieg_gallery/picture-36.jpg,275,301,1.00,same-size copy in archive
the-lab,ieg-064.jpg,321,480,/Users/pedro/Pictures/Illustrations_stored/ieg_gallery/picture-37.jpg,321,480,1.00,same-size copy in archive
the-lab,ieg-065.jpg,500,375,/Users/pedro/Pictures/Illustrations_stored/ieg_gallery/picture-38.jpg,500,375,1.00,same-size copy in archive
the-lab,ieg-066.jpg,500,375,/Users/pedro/Pictures/Illustrations_stored/thelab/l7.jpg,600,450,1.20,same-size copy in archive
the-lab,ieg-067.jpg,500,375,/Users/pedro/Pictures/Illustrations_stored/ieg_gallery/picture-4.jpg,500,375,1.00,same-size copy in archive
the-lab,ieg-068.jpg,500,375,/Users/pedro/Pictures/Illustrations_stored/thelab/l8.jpg,600,450,1.20,same-size copy in archive
the-lab,ieg-069.jpg,500,375,/Users/pedro/Pictures/Illustrations_stored/ieg_gallery/picture-41.jpg,500,375,1.00,same-size copy in archive
the-lab,ieg-070.jpg,500,375,/Users/pedro/Pictures/Illustrations_stored/ieg_gallery/picture-42.jpg,500,375,1.00,same-size copy in archive
the-lab,ieg-071.jpg,263,424,/Users/pedro/Pictures/Illustrations_stored/ieg_gallery/picture-43.jpg,263,424,1.00,same-size copy in archive
the-lab,ieg-072.jpg,500,375,/Users/pedro/Pictures/Illustrations_stored/ieg_gallery/picture-44.jpg,500,375,1.00,same-size copy in archive
the-lab,ieg-073.jpg,500,375,/Users/pedro/Pictures/Illustrations_stored/ieg_gallery/picture-45.jpg,500,375,1.00,same-size copy in archive
the-lab,ieg-074.jpg,499,334,/Users/pedro/Pictures/Illustrations_stored/ieg_gallery/picture-46.jpg,499,334,1.00,same-size copy in archive
the-lab,ieg-075.jpg,500,305,/Users/pedro/Pictures/Illustrations_stored/ieg_gallery/picture-47.jpg,500,305,1.00,same-size copy in archive
the-lab,ieg-076.jpg,500,375,/Users/pedro/Pictures/Illustrations_stored/ieg_gallery/picture-48.jpg,500,375,1.00,same-size copy in archive
the-lab,ieg-077.jpg,500,375,/Users/pedro/Pictures/Illustrations_stored/ieg_gallery/picture-49.jpg,500,375,1.00,same-size copy in archive
the-lab,ieg-078.jpg,500,375,/Users/pedro/Pictures/Illustrations_stored/ieg_gallery/picture-5.jpg,500,375,1.00,same-size copy in archive
the-lab,ieg-079.jpg,500,375,/Users/pedro/Pictures/Illustrations_stored/ieg_gallery/picture-50.jpg,500,375,1.00,same-size copy in archive
the-lab,ieg-080.jpg,500,375,/Users/pedro/Pictures/Illustrations_stored/ieg_gallery/picture-51.jpg,500,375,1.00,same-size copy in archive
the-lab,ieg-081.jpg,500,375,/Users/pedro/Pictures/Illustrations_stored/ieg_gallery/picture-52.jpg,500,375,1.00,same-size copy in archive
the-lab,ieg-082.jpg,500,375,/Users/pedro/Pictures/Illustrations_stored/ieg_gallery/picture-53.jpg,500,375,1.00,same-size copy in archive
the-lab,ieg-083.jpg,500,375,/Users/pedro/Pictures/Illustrations_stored/ieg_gallery/picture-54.jpg,500,375,1.00,same-size copy in archive
the-lab,ieg-084.jpg,500,375,/Users/pedro/Pictures/Illustrations_stored/ieg_gallery/picture-55.jpg,500,375,1.00,same-size copy in archive
the-lab,ieg-085.jpg,500,375,/Users/pedro/Pictures/Illustrations_stored/ieg_gallery/picture-56.jpg,500,375,1.00,same-size copy in archive
the-lab,ieg-086.jpg,500,375,/Users/pedro/Pictures/Illustrations_stored/ieg_gallery/picture-57.jpg,500,375,1.00,same-size copy in archive
the-lab,ieg-087.jpg,500,375,/Users/pedro/Pictures/Illustrations_stored/thelab/l19.jpg,600,450,1.20,same-size copy in archive
the-lab,ieg-088.jpg,500,375,/Users/pedro/Pictures/Illustrations_stored/ieg_gallery/picture-59.jpg,500,375,1.00,same-size copy in archive
the-lab,ieg-089.jpg,500,375,/Users/pedro/Pictures/Illustrations_stored/thelab/l33.jpg,600,450,1.20,same-size copy in archive
the-lab,ieg-090.jpg,500,375,/Users/pedro/Pictures/Illustrations_stored/thelab/l21.jpg,600,450,1.20,same-size copy in archive
the-lab,ieg-091.jpg,500,375,/Users/pedro/Pictures/Illustrations_stored/thelab/l24.jpg,600,450,1.20,same-size copy in archive
the-lab,ieg-092.jpg,360,480,/Users/pedro/Pictures/Illustrations_stored/ieg_gallery/picture-62.jpg,360,480,1.00,same-size copy in archive
the-lab,ieg-093.jpg,400,600,/Users/pedro/Pictures/Illustrations_stored/thelab/l26.jpg,400,600,1.00,replaced with larger original
the-lab,ieg-094.jpg,500,375,/Users/pedro/Pictures/Illustrations_stored/thelab/l29.jpg,600,450,1.20,same-size copy in archive
the-lab,ieg-095.jpg,500,333,/Users/pedro/Pictures/Illustrations_stored/ieg_gallery/picture-65.jpg,500,333,1.00,same-size copy in archive
the-lab,ieg-096.jpg,500,333,/Users/pedro/Pictures/Illustrations_stored/ieg_gallery/picture-66.jpg,500,333,1.00,same-size copy in archive
the-lab,ieg-097.jpg,500,375,/Users/pedro/Pictures/Illustrations_stored/ieg_gallery/picture-67.jpg,500,375,1.00,same-size copy in archive
the-lab,ieg-098.jpg,500,375,/Users/pedro/Pictures/Illustrations_stored/ieg_gallery/picture-68.jpg,500,375,1.00,same-size copy in archive
the-lab,ieg-099.jpg,500,375,/Users/pedro/Pictures/Illustrations_stored/thelab/l40.jpg,600,450,1.20,same-size copy in archive
the-lab,ieg-100.jpg,500,375,/Users/pedro/Pictures/Illustrations_stored/ieg_gallery/picture-7.jpg,500,375,1.00,same-size copy in archive
the-lab,ieg-101.jpg,360,480,/Users/pedro/Pictures/Illustrations_stored/ieg_gallery/picture-70.jpg,360,480,1.00,same-size copy in archive
the-lab,ieg-102.jpg,500,375,/Users/pedro/Pictures/Illustrations_stored/ieg_gallery/picture-71.jpg,500,375,1.00,same-size copy in archive
the-lab,ieg-103.jpg,499,334,/Users/pedro/Pictures/Illustrations_stored/ieg_gallery/picture-72.jpg,499,334,1.00,same-size copy in archive
the-lab,ieg-104.jpg,499,331,/Users/pedro/Pictures/Illustrations_stored/thelab/l52.jpg,600,397,1.20,same-size copy in archive
the-lab,ieg-105.jpg,500,375,/Users/pedro/Pictures/Illustrations_stored/ieg_gallery/picture-74.jpg,500,375,1.00,same-size copy in archive
the-lab,ieg-106.jpg,500,375,/Users/pedro/Pictures/Illustrations_stored/thelab/l57.jpg,600,450,1.20,same-size copy in archive
the-lab,ieg-107.jpg,500,375,/Users/pedro/Pictures/Illustrations_stored/thelab/l58.jpg,600,450,1.20,same-size copy in archive
the-lab,ieg-108.jpg,450,600,/Users/pedro/Pictures/Illustrations_stored/thelab/l25.jpg,450,600,1.00,replaced with larger original
the-lab,ieg-109.jpg,500,375,/Users/pedro/Pictures/Illustrations_stored/thelab/l42.jpg,600,450,1.20,same-size copy in archive
the-lab,ieg-110.jpg,500,375,/Users/pedro/Pictures/Illustrations_stored/ieg_gallery/picture-79.jpg,500,375,1.00,same-size copy in archive
the-lab,ieg-111.jpg,360,480,/Users/pedro/Pictures/Illustrations_stored/ieg_gallery/picture-8.jpg,360,480,1.00,same-size copy in archive
the-lab,ieg-112.jpg,500,332,/Users/pedro/Pictures/Illustrations_stored/ieg_gallery/picture-80.jpg,500,332,1.00,same-size copy in archive
the-lab,ieg-113.jpg,500,332,/Users/pedro/Pictures/Illustrations_stored/ieg_gallery/picture-81.jpg,500,332,1.00,same-size copy in archive
the-lab,ieg-114.jpg,500,332,/Users/pedro/Pictures/Illustrations_stored/ieg_gallery/picture-82.jpg,500,332,1.00,same-size copy in archive
the-lab,ieg-115.jpg,500,332,/Users/pedro/Pictures/Illustrations_stored/ieg_gallery/picture-83.jpg,500,332,1.00,same-size copy in archive
the-lab,ieg-116.jpg,500,332,/Users/pedro/Pictures/Illustrations_stored/ieg_gallery/picture-84.jpg,500,332,1.00,same-size copy in archive
the-lab,ieg-117.jpg,500,332,/Users/pedro/Pictures/Illustrations_stored/ieg_gallery/picture-85.jpg,500,332,1.00,same-size copy in archive
the-lab,ieg-118.jpg,500,375,/Users/pedro/Pictures/Illustrations_stored/ieg_gallery/picture-86.jpg,500,375,1.00,same-size copy in archive
the-lab,ieg-119.jpg,370,480,/Users/pedro/Pictures/Illustrations_stored/ieg_gallery/picture-87.jpg,370,480,1.00,same-size copy in archive
the-lab,ieg-120.jpg,500,317,/Users/pedro/Pictures/Illustrations_stored/ieg_gallery/picture-88.jpg,500,317,1.00,same-size copy in archive
the-lab,ieg-121.jpg,500,332,/Users/pedro/Pictures/Illustrations_stored/ieg_gallery/picture-89.jpg,500,332,1.00,same-size copy in archive
the-lab,ieg-122.jpg,500,375,/Users/pedro/Pictures/Illustrations_stored/thelab/l35.jpg,600,450,1.20,same-size copy in archive
the-lab,ieg-123.jpg,500,375,/Users/pedro/Pictures/Illustrations_stored/ieg_gallery/picture-90.jpg,500,375,1.00,same-size copy in archive
the-lab,ieg-124.jpg,500,375,/Users/pedro/Pictures/Illustrations_stored/ieg_gallery/picture-91.jpg,500,375,1.00,same-size copy in archive
the-lab,ieg-125.jpg,500,375,/Users/pedro/Pictures/Illustrations_stored/ieg_gallery/picture-92.jpg,500,375,1.00,same-size copy in archive
the-lab,ieg-126.jpg,499,333,/Users/pedro/Pictures/Illustrations_stored/ieg_gallery/picture-93.jpg,499,333,1.00,same-size copy in archive
the-lab,ieg-127.jpg,499,315,/Users/pedro/Pictures/Illustrations_stored/ieg_gallery/picture-94.jpg,499,315,1.00,same-size copy in archive
the-lab,ieg-128.jpg,499,313,/Users/pedro/Pictures/Illustrations_stored/ieg_gallery/picture-95.jpg,499,313,1.00,same-size copy in archive
the-lab,ieg-129.jpg,499,332,/Users/pedro/Pictures/Illustrations_stored/ieg_gallery/picture-96.jpg,499,332,1.00,same-size copy in archive
the-lab,ieg-130.jpg,319,480,/Users/pedro/Pictures/Illustrations_stored/ieg_gallery/picture-97.jpg,319,480,1.00,same-size copy in archive
the-lab,ieg-131.jpg,499,332,/Users/pedro/Pictures/Illustrations_stored/ieg_gallery/picture-98.jpg,499,332,1.00,same-size copy in archive
the-lab,ieg-132.jpg,500,365,/Users/pedro/Pictures/Illustrations_stored/ieg_gallery/picture-99.jpg,500,365,1.00,same-size copy in archive
