category,slug,title,year,journal,doi,citations,openalex,closest_bib_title,closest_score
appendix / supplement,supplementary-material-from-species-area-and-network-area-relationships-in-hosth,"Supplementary material from ""Species-area and network-area relationships in host–helminth interactions",2021,Figshare,10.6084/m9.figshare.c.5345000.v2,0,W3185171428,species area and network area relationships in hosthelminth interactions,0.837
appendix / supplement,supplementary-material-from-seed-dispersal-by-dispersing-juvenile-animals-a-sour,"Supplementary material from ""Seed dispersal by dispersing juvenile animals: a source of functional connectivity in fragmented landscapes",2019,Figshare,10.6084/m9.figshare.c.4551821.v1,1,W2951481335,seed dispersal by dispersing juvenile animals a source of functional connectivity in fragm,0.883
appendix / supplement,appendix-a-description-of-animal-mutualists-and-antagonists-included-in-the-stud,Appendix A. Description of animal mutualists and antagonists included in the study.,2016,Figshare,10.6084/m9.figshare.3562782,0,W4394438032,,
appendix / supplement,appendix-a-species-codes-and-identities,Appendix A. Species codes and identities.,2016,Figshare,10.6084/m9.figshare.3544478,0,W4394087933,,
appendix / supplement,appendix-a-variation-in-the-number-of-interactions-observed-at-different-timesca,Appendix A. Variation in the number of interactions observed at different timescale resolutions.,2016,Figshare,10.6084/m9.figshare.3531533,0,W4394098018,,
appendix / supplement,appendix-b-description-of-the-study-site-and-the-replicate-patches,Appendix B. Description of the study site and the replicate patches.,2016,Figshare,10.6084/m9.figshare.3562779,0,W4394467570,,
appendix / supplement,appendix-b-dissimilarity-dendrograms-for-ant-species-in-networks-1990-and-2000,Appendix B. Dissimilarity dendrograms for ant species in Networks 1990 and 2000.,2016,Figshare,10.6084/m9.figshare.3544475,0,W4394229500,,
appendix / supplement,appendix-b-switching-behavior-classification,Appendix B. Switching behavior classification.,2016,Figshare,10.6084/m9.figshare.3531530,0,W4394359746,,
appendix / supplement,appendix-c-description-of-the-methodology-used-to-estimate-plant-characteristics,Appendix C. Description of the methodology used to estimate plant characteristics.,2016,Figshare,10.6084/m9.figshare.3562776,0,W4394275708,,
appendix / supplement,appendix-c-dissimilarity-dendrograms-for-plant-species-for-networks-1990-and-200,Appendix C. Dissimilarity dendrograms for plant species for Networks 1990 and 2000.,2016,Figshare,10.6084/m9.figshare.3544472,0,W4394498099,,
appendix / supplement,appendix-c-temporal-changes-in-network-structure-during-19811983,Appendix C. Temporal changes in network structure during 1981–1983.,2016,Figshare,10.6084/m9.figshare.3531524,0,W4394264986,,
appendix / supplement,appendix-d-description-of-the-methodology-used-to-estimate-the-proportion-of-via,"Appendix D. Description of the methodology used to estimate the proportion of viable seeds consumed per fruit by predispersal seed predators, plus a table containing the estimated interaction strengths per animal guild.",2016,Figshare,10.6084/m9.figshare.3562773,0,W4394327293,,
appendix / supplement,appendix-d-test-effects-for-nine-morphological-variables-predicting-the-variatio,Appendix D. Test effects for nine morphological variables predicting the variation in the proportion of fruits in the diet.,2016,Figshare,10.6084/m9.figshare.3531521,0,W4394278748,,
appendix / supplement,appendix-e-detailed-description-of-spatial-point-pattern-analyses-plus-additiona,"Appendix E. Detailed description of spatial point pattern analyses, plus additional results from univariate and bivariate analyses of plant–animal interaction strengths and plant characteristics.",2016,Figshare,10.6084/m9.figshare.3562767,0,W4394525037,,
appendix / supplement,appendix-e-values-and-significance-of-the-statistic-k-for-the-variables-under-st,Appendix E. Values and significance of the statistic K for the variables under study.,2016,Figshare,10.6084/m9.figshare.3531518,0,W4394105793,,
appendix / supplement,appendix-f-further-details-on-methods-and-results-from-generalized-linear-mixed-,Appendix F. Further details on methods and results from generalized linear mixed-effects models.,2016,Figshare,10.6084/m9.figshare.3562764,0,W4394497817,,
appendix / supplement,appendix-g-description-of-the-methodology-used-to-estimate-the-length-of-interpl,"Appendix G. Description of the methodology used to estimate the length of interplant flights by bird pollinators, and results obtained per bird species.",2016,Figshare,10.6084/m9.figshare.3562761,0,W4394101996,,
appendix / supplement,supplement-1-matlab-code-used-in-the-calculation-of-asymmetry-values,Supplement 1. MATLAB code used in the calculation of asymmetry values.,2016,Figshare,10.6084/m9.figshare.3531515,0,W4394352293,,
appendix / supplement,supplemental-information-code-and-data-for-the-ms-defaunation-impacts-carbon-sto,"Supplemental Information, Code, And Data For The Ms: Defaunation Impacts Carbon Storage In Tropical Forests.",2015,Zenodo (CERN European Organization for Nuclear Research),10.5281/zenodo.31880,0,W2319352831,,
book / chapter,an-introduction-to-complex-networks,An Introduction to Complex Networks,2013,Princeton University Press eBooks,10.23943/princeton/9780691131269.003.0002,2,W4255944264,,
book / chapter,backmatter,Backmatter,2013,Princeton University Press eBooks,10.1515/9781400848720-bm,0,W4231628199,,
book / chapter,biodiversity-and-plant-animal-coevolution,Biodiversity and Plant-Animal Coevolution,2013,Princeton University Press eBooks,10.23943/princeton/9780691131269.003.0001,2,W4243492838,,
book / chapter,consequences-of-network-structure,Consequences of Network Structure,2013,Princeton University Press eBooks,10.23943/princeton/9780691131269.003.0006,0,W4245137580,,
book / chapter,ecological-and-evolutionary-mechanisms,Ecological and Evolutionary Mechanisms,2013,Princeton University Press eBooks,10.23943/princeton/9780691131269.003.0004,0,W4255169839,,
book / chapter,epilogue,Epilogue,2013,Princeton University Press eBooks,10.23943/princeton/9780691131269.003.0007,0,W4237930164,,
book / chapter,frontmatter,Frontmatter,2013,Princeton University Press eBooks,10.1515/9781400848720-fm,0,W4247827327,,
book / chapter,mutualistic-networks-in-time-and-space,Mutualistic Networks in Time and Space,2013,Princeton University Press eBooks,10.23943/princeton/9780691131269.003.0005,1,W4231249823,,
journal article,mutualistic-networks-emerge-from-the-interplay-of-abundance-behaviour-and-spatia,"Mutualistic networks emerge from the interplay of abundance, behaviour and spatial constraints",2026,Journal of Animal Ecology,10.1111/1365-2656.70324,0,W7172501010,,
journal article,reorganization-without-disruption-how-firedriven-spatiotemporal-changes-in-flora,Reorganization without disruption: How fire‐driven spatiotemporal changes in floral resource landscapes influence plant–bee interaction networks,2026,Journal of Applied Ecology,10.1111/1365-2664.70519,0,W7172032044,,
journal article,global-geographic-patterns-in-the-colours-and-sizes-of-animaldispersed-fruits,Global geographic patterns in the colours and sizes of animal‐dispersed fruits,2018,Global Ecology and Biogeography,10.1111/geb.12801,67,W2898264394,,
journal article,correction-to-unravelling-darwins-entangled-bank-architecture-and-robustness-of-,Correction to ‘Unravelling Darwin's entangled bank: architecture and robustness of mutualistic networks with multiple interaction types’,2017,Proceedings of the Royal Society B Biological Sciences,10.1098/rspb.2016.2635,0,W2569592608,unravelling darwins entangled bank architecture and robustness of mutualistic networks wit,0.94
journal article,differences-among-ant-species-in-plant-protection-are-related-to-production-of-e,Differences among ant species in plant protection are related to production of extrafloral nectar and degree of leaf herbivory,2017,Biological Journal of the Linnean Society,10.1093/biolinnean/blx059,116,W2625191500,,
journal article,individual-variation-in-the-booming-calls-of-captive-horned-guans-oreophasis-der,Individual variation in the booming calls of captive Horned Guans (Oreophasis derbianus): an endangered Neotropical mountain bird,2016,Bioacoustics,10.1080/09524622.2016.1233513,5,W2521142089,,
journal article,biotic-interactions-as-natures-ornaments-a-view-from-the-tropics,Biotic Interactions as Nature's Ornaments: A View from the Tropics,2014,BioScience,10.1093/biosci/biu081,1,W2118433593,,
journal article,impact-of-the-introduced-honeybees-apis-mellifera-apidae-on-teide-national-park-,"Impact of the introduced honeybees (Apis mellifera, Apidae) on Teide National Park (Tenerife, Canary Islands)",2014,Ecosistemas,10.7818/ecos.2014.23-3.08,19,W1522130053,,
journal article,6-status-of-the-northern-bald-ibis-in-southern-spain,6. Status of the Northern Bald Ibis in southern Spain,2013,Ornithological Notes,10.2173/bow-on.100006,0,W3015336192,,
journal article,las-tercias-pertenecientes-al-marquesado-de-priego,Las tercias pertenecientes al marquesado de Priego,2013,Ambitos: revista de estudios de ciencias sociales y humanidades,,0,W2153721144,,
journal article,x-reunión-anual-de-ecoflor,X Reunión anual de Ecoflor,2013,Ecosistemas,10.7818/ecos.2013.22-2.20,0,W3189191290,,
journal article,symposium-6-mutualistic-networks,Symposium 6: Mutualistic Networks,2010,Bulletin of the Ecological Society of America,10.1890/0012-9623-91.3.367,4,W1983437890,mutualistic networks,0.769
journal article,ecología-y-genes,Ecología y genes,2009,Revista Ecosistemas,,0,W3134572316,,
journal article,sesión-necrológica-en-honor-del-ilmo-sr-d-diego-jordano-barea-intervención-de-d-,Sesión necrológica en honor del Ilmo. Sr. D. Diego Jordano Barea: Intervención de D. Pedro Jordano Barbudo,2002,"Boletín de la Real Academia de Córdoba de Ciencias, Bellas Letras y Nobles Artes",,0,W3165254375,,
journal article,fig-seed-predation-and-dispersal-by-birds-ficus-cotinifolia,Fig-seed predation and dispersal by birds [Ficus cotinifolia].,1983,Biotropica,,0,W3216742129,fig seed predation and dispersal by birds,0.82
no journal on page,author-response-for-animalmediated-seed-dispersal-and-the-demogenetic-configurat,"Author response for ""Animal‐mediated seed dispersal and the demo‐genetic configuration across plant colonization gradients",2024,,10.1111/1365-2745.14280/v2/response1,0,W4391953338,animal mediated seed dispersal and the demo genetic configuration across plant colonizatio,0.9
no journal on page,author-response-for-lasting-effects-of-avianfrugivore-interactions-on-seed-dispe,"Author response for ""Lasting effects of avian‐frugivore interactions on seed dispersal and seedling establishment",2023,,10.1111/1365-2745.14260/v2/response1,0,W4391128224,lasting effects of avian frugivore interactions on seed dispersal and seedling establishme,0.897
no journal on page,author-response-for-drivers-of-individualbased-antagonistic-interaction-networks,"Author response for ""Drivers of individual‐based, antagonistic interaction networks during plant range expansion",2022,,10.1111/1365-2745.13942/v3/response1,0,W4283315849,drivers of individual based antagonistic interaction networks during plant range expansion,0.894
no journal on page,author-response-for-intraspecific-variation-in-species-interactions-promotes-the,"Author response for ""Intraspecific variation in species interactions promotes the feasibility of mutualistic assemblages",2022,,10.1111/ele.14163/v2/response1,0,W4317770585,intraspecific variation in species interactions promotes the feasibility of mutualistic as,0.908
no journal on page,author-response-for-phylogenetic-congruence-between-neotropical-primates-and-pla,"Author response for ""Phylogenetic congruence between Neotropical primates and plants is driven by frugivory",2021,,10.1111/ele.13918/v3/response1,0,W3214104544,phylogenetic congruence between neotropical primates and plants is driven by frugivory,0.896
no journal on page,author-response-for-the-ecological-and-evolutionary-significance-of-effectivenes,"Author response for ""The ecological and evolutionary significance of effectiveness landscapes in mutualistic interactions",2021,,10.1111/ele.13939/v2/response1,0,W4205270540,the ecological and evolutionary significance of effectiveness landscapes in mutualistic in,0.909
no journal on page,author-response-for-extant-fruiteating-birds-promote-genetically-diverse-seed-ra,"Author response for ""Extant fruit‐eating birds promote genetically diverse seed rain, but disperse to fewer sites in defaunated tropical forests",2020,,10.1111/1365-2745.13534/v2/response1,0,W3095276773,extant fruiteating birds promote genetically diverse seed rain but disperse to fewer sites,0.924
no journal on page,special-feature-dispersal-processes-driving-plant-movement-range-shifts-in-a-cha,Special Feature: Dispersal processes driving plant movement: range shifts in a changing world.,2017,,,0,W3099870126,,
no journal on page,camacho-martínez-r-asenjo-rubio-e-y-calderón-roca-b-málaga-2011-creación-artísti,"CAMACHO MARTÍNEZ, R.; ASENJO RUBIO, E. y CALDERÓN ROCA, B. (Málaga, 2011). Creación artística y mecenazgo en el desarrollo cultural del mediterráneo en la edad moderna",2012,,,0,W2978428507,,
no journal on page,general-methods-for-seed-dispersal-analysis-and-lab-protocols-for-dna-extraction,General methods for seed dispersal analysis and lab protocols for DNA extraction and genotyping of SSR microsatellites for Prunus mahaleb (Rosaceae),2010,,,0,W2550971777,,
no journal on page,a-general-framework-for-analyzing-sustainability-of-social-ecological-systems,A General Framework for Analyzing Sustainability of Social-Ecological Systems,2009,,,0,W2336285099,,
no journal on page,doñana-diversidad-y-ciencia,"Doñana, diversidad y ciencia",2007,,,1,W2885659,,
no journal on page,linajes-de-córdoba-en-las-capillas-funerarias-medievales-de-la-mezquita-catedral,Linajes de Córdoba en las capillas funerarias medievales de la Mezquita-Catedral,2002,,,0,W2394616801,,
repository deposit,actualización-del-informe-del-gtm-sobre-pruebas-de-diagnóstico-de-covid-19,Actualización del informe del GTM sobre pruebas de diagnóstico de COVID-19,2021,DIGITAL.CSIC (Spanish National Research Council (CSIC)),10.20350/digitalcsic/13716,1,W3127388540,,
repository deposit,code-and-data-to-reproduce-the-analyses-in-parasite-species-richness-and-host-ra,"Code and data to reproduce the analyses in ""Parasite species richness and host range are not spatially conserved",2021,Figshare,10.6084/m9.figshare.9977420,0,W4394404441,parasite species richness and host range are not spatially conserved,0.76
repository deposit,code-and-dataset-from-species-area-and-network-area-relationships-in-hosthelmint,Code and dataset from Species-area and network-area relationships in host–helminth interactions,2021,Figshare,10.6084/m9.figshare.14248075,0,W4394364239,species area and network area relationships in hosthelminth interactions,0.867
repository deposit,ecol-lett_fuzessy-et-al-2021_phylogenetic_congruence_between_neotropical_primate,Ecol-Lett_Fuzessy-et-al-2021_Phylogenetic_congruence_between_Neotropical_primates_and_plants,2021,Zenodo (CERN European Organization for Nuclear Research),10.5281/zenodo.5578594,0,W4393765873,,
repository deposit,informa-del-gtm-sobre-contratación-de-personal-científico-en-el-sistema-público-,Informa del GTM sobre Contratación de personal científico en el Sistema Público de Investigación,2021,DIGITAL.CSIC (Spanish National Research Council (CSIC)),10.20350/digitalcsic/13752,0,W3192721977,,
repository deposit,informe-del-gtm-entender-y-combatir-la-desinformación-sobre-ciencia-y-salud,Informe del GTM: Entender y combatir la desinformación sobre ciencia y salud,2021,DIGITAL.CSIC (Spanish National Research Council (CSIC)),10.20350/digitalcsic/13853,2,W3184861538,,
repository deposit,informe-del-gtm-equipos-autónomos-para-la-limpieza-del-aire-y-sensores-para-el-c,Informe del GTM: equipos autónomos para la limpieza del aire y sensores para el control de la transmisión de SARS-CoV-2 por aerosoles,2021,DIGITAL.CSIC (Spanish National Research Council (CSIC)),10.20350/digitalcsic/13893,1,W3173008015,,
repository deposit,informe-del-gtm-sobre-actividades-empresariales-innovadoras-distintas-de-la-id-a,Informe del GTM sobre actividades empresariales innovadoras distintas de la I+D: apuntes para una nueva política de innovación,2021,DIGITAL.CSIC (Spanish National Research Council (CSIC)),10.20350/digitalcsic/13980,0,W3199012148,,
repository deposit,informe-del-gtm-sobre-aspectos-medioambientales-de-la-covid-19-parte-i,Informe del GTM sobre Aspectos medioambientales de la COVID-19. Parte I,2021,DIGITAL.CSIC (Spanish National Research Council (CSIC)),10.20350/digitalcsic/13981,0,W3200352294,,
repository deposit,informe-del-gtm-sobre-cuántos-rastreadores-son-necesarios,Informe del GTM sobre ¿cuántos rastreadores son necesarios?,2021,DIGITAL.CSIC (Spanish National Research Council (CSIC)),10.20350/digitalcsic/13890,0,W3181548974,,
repository deposit,informe-del-gtm-sobre-desigualdades-y-covid-19,Informe del GTM sobre Desigualdades y Covid-19,2021,DIGITAL.CSIC (Spanish National Research Council (CSIC)),10.20350/digitalcsic/13852,2,W3192776799,,
repository deposit,informe-del-gtm-sobre-la-fatiga-pandémica,Informe del GTM sobre la fatiga pandémica,2021,DIGITAL.CSIC (Spanish National Research Council (CSIC)),10.20350/digitalcsic/13891,0,W3168377366,,
repository deposit,informe-del-gtm-sobre-posibilidad-de-usar-agrupamiento-de-muestras-para-los-test,Informe del GTM sobre Posibilidad de usar agrupamiento de muestras para los test de antígenos,2021,DIGITAL.CSIC (Spanish National Research Council (CSIC)),10.20350/digitalcsic/13854,0,W3173034441,,
repository deposit,informe-del-gtm-sobre-terapéutica-actual-frente-al-sars-cov-2-covid-19,Informe del GTM sobre terapéutica actual frente al SARS-CoV-2 / COVID-19,2021,DIGITAL.CSIC (Spanish National Research Council (CSIC)),10.20350/digitalcsic/13892,0,W3172402234,,
repository deposit,informe-del-gtm-sobre-variantes-del-sars-cov-2-e-implicaciones-en-los-programas-,Informe del GTM sobre variantes del SARS-CoV-2 e implicaciones en los programas de vacunación global frente a COVID-19,2021,DIGITAL.CSIC (Spanish National Research Council (CSIC)),10.20350/digitalcsic/13851,1,W3165277993,,
repository deposit,posicionamiento-del-gtm-sobre-lecciones-de-la-pandemia-de-sars-cov-2-en-la-inves,Posicionamiento del GTM sobre Lecciones de la pandemia de SARS-CoV-2 en la investigación en Biomedicina: Una reflexión de las actuaciones realizadas para construir una nueva aproximación de futuro,2021,DIGITAL.CSIC (Spanish National Research Council (CSIC)),10.20350/digitalcsic/13751,0,W3153558835,,
repository deposit,temppart-data,TempPart Data,2021,Figshare,10.6084/m9.figshare.14376473,0,W4394538475,,
repository deposit,análisis-del-informe-de-la-academia-de-las-ciencias-de-alemania-y-su-posible-apl,Análisis del informe de la Academia de las Ciencias de Alemania y su posible aplicabilidad a la situación actual de España,2020,DIGITAL.CSIC (Spanish National Research Council (CSIC)),10.20350/digitalcsic/13725,0,W3146733344,,
repository deposit,apuntes-para-una-nueva-estrategia-económica,Apuntes para una nueva estrategia económica,2020,DIGITAL.CSIC (Spanish National Research Council (CSIC)),10.20350/digitalcsic/13717,0,W3126458320,,
repository deposit,dataset-extant-fruit-eating-birds-promote-genetically-diverse-seed-rain-but-disp,"Dataset: Extant fruit-eating birds promote genetically diverse seed rain, but disperse to fewer sites in defaunated tropical forests",2020,Figshare,10.6084/m9.figshare.13129913,0,W4394110351,extant fruiteating birds promote genetically diverse seed rain but disperse to fewer sites,0.964
repository deposit,informe-del-gtm-sobre-atmósfera-y-covid-19,Informe del GTM sobre Atmósfera y Covid-19,2020,DIGITAL.CSIC (Spanish National Research Council (CSIC)),10.20350/digitalcsic/13712,0,W3127893981,,
repository deposit,informe-del-gtm-sobre-cambios-en-el-sistema-de-ciencia-tecnología-e-innovación-s,"Informe del GTM sobre cambios en el Sistema de Ciencia, Tecnología e Innovación (SCTI)",2020,DIGITAL.CSIC (Spanish National Research Council (CSIC)),10.20350/digitalcsic/13726,1,W3126478908,,
repository deposit,informe-del-gtm-sobre-datos-e-información-en-la-epidemia-covid-19-y-propuestas-p,Informe del GTM sobre Datos e información en la epidemia COVID-19 y propuestas para la evolución digital del sistema de salud,2020,DIGITAL.CSIC (Spanish National Research Council (CSIC)),10.20350/digitalcsic/13723,0,W3163980387,,
repository deposit,informe-del-gtm-sobre-el-impacto-de-la-covid-19-en-las-personas-mayores-con-espe,"Informe del GTM sobre el impacto de la COVID-19 en las personas mayores, con especial énfasis en las que viven en residencias",2020,DIGITAL.CSIC (Spanish National Research Council (CSIC)),10.20350/digitalcsic/13714,3,W3138104293,,
repository deposit,informe-del-gtm-sobre-inmunidad-protectora-y-reinfección-en-covid-19,Informe del GTM sobre Inmunidad protectora y reinfección en COVID-19,2020,DIGITAL.CSIC (Spanish National Research Council (CSIC)),10.20350/digitalcsic/13724,0,W3126341616,,
repository deposit,informe-del-gtm-sobre-la-validez-e-interpretación-de-las-pruebas-de-diagnóstico-,Informe del GTM sobre la validez e interpretación de las pruebas de diagnóstico para SARS-CoV-2,2020,DIGITAL.CSIC (Spanish National Research Council (CSIC)),10.20350/digitalcsic/13715,0,W3137032849,,
repository deposit,informe-del-gtm-sobre-propuesta-de-una-selección-experta-para-una-política-tecno,Informe del GTM sobre propuesta de una selección experta para una política Tecnológica e Industrial,2020,DIGITAL.CSIC (Spanish National Research Council (CSIC)),10.20350/digitalcsic/13721,0,W3127064496,,
repository deposit,informe-del-gtm-sobre-vacunas-frente-al-sars-cov-2-causante-de-la-covid-19-conce,Informe del GTM sobre Vacunas frente al SARS-CoV-2 causante de la COVID-19: Conceptos y desarrollos,2020,DIGITAL.CSIC (Spanish National Research Council (CSIC)),10.20350/digitalcsic/13722,0,W3134252305,,
repository deposit,informe-gtm-sobre-la-práctica-y-la-investigación-en-nutrición-en-tiempos-de-la-c,Informe GTM sobre la Práctica y la Investigación en Nutrición en Tiempos de la COVID-19,2020,DIGITAL.CSIC (Spanish National Research Council (CSIC)),10.20350/digitalcsic/13720,1,W3133893307,,
repository deposit,informe-sobre-covid-19-en-espacios-interiores-en-particular-restaurantes,"Informe sobre COVID-19 en espacios interiores, en particular restaurantes",2020,DIGITAL.CSIC (Spanish National Research Council (CSIC)),10.20350/digitalcsic/13719,1,W3129136825,,
repository deposit,informe-sobre-inmunidad-pediátrica-y-la-reapertura-del-sistema-escolar-en-la-épo,Informe sobre inmunidad pediátrica y la reapertura del sistema escolar en la época del COVID-19,2020,DIGITAL.CSIC (Spanish National Research Council (CSIC)),10.20350/digitalcsic/13718,0,W3128449392,,
repository deposit,pedro-jordano-desconocemos-aún-los-virus-que-pueden-saltar-a-los-humanos-son-caj,"Pedro Jordano: ""Desconocemos aún los virus que pueden saltar a los humanos. Son cajas de Pandora por abrirse",2020,DIGITAL.CSIC (Spanish National Research Council (CSIC)),,0,W3027173748,,
repository deposit,posicionamiento-del-gtm-sobre-un-posible-pasaporte-inmunológico,Posicionamiento del GTM sobre un posible pasaporte inmunológico,2020,DIGITAL.CSIC (Spanish National Research Council (CSIC)),10.20350/digitalcsic/13727,0,W3166296577,,
repository deposit,esm-for-seed-dispersal-by-dispersing-juvenile-animals-from-seed-dispersal-by-dis,ESM for Seed dispersal by dispersing juvenile animals from Seed dispersal by dispersing juvenile animals: a source of functional connectivity in fragmented landscapes,2019,Figshare,10.6084/m9.figshare.8311511.v1,0,W2949626307,seed dispersal by dispersing juvenile animals a source of functional connectivity in fragm,0.782
repository deposit,defaunation-implications-for-ecosystem-carbon-cycling-and-storage-in-tropical-fo,Defaunation implications for ecosystem carbon cycling and storage in tropical forests,2017,Figshare,10.6084/m9.figshare.5280709,0,W4394342496,,
repository deposit,patterns-and-drivers-of-tree-fecundity-in-pedunculate-oak-quercus-robur-refugial,Patterns and drivers of tree fecundity in Pedunculate oak (Quercus robur) refugial populations at the species’ southern range margin,2017,HAL (Le Centre pour la Communication Scientifique Directe),,0,W4206886002,drivers of tree fecundity in pedunculate oak quercus robur refugial populations at the spe,0.932
repository deposit,pedrojeffectiveness_pckg-r-package-effectlndscp-v02,pedroj/effectiveness_pckg: R package: effect.lndscp v.0.2,2017,Zenodo (CERN European Organization for Nuclear Research),10.5281/zenodo.376763,7,W3205449798,,
repository deposit,ms_network-sampling-draft-ms-for-functional-ecology-special-issue-on-networks,Ms_Network-Sampling: Draft Ms For Functional Ecology Special Issue On Networks.,2015,Zenodo (CERN European Organization for Nuclear Research),10.5281/zenodo.29437,0,W2222157935,,
repository deposit,pollination-patterns-in-a-relict-meta-population-of-pedunculate-oak-quercus-robu,Pollination patterns in a relict meta-population of Pedunculate oak (Quercus robur) in Central Spain,2012,HAL (Le Centre pour la Communication Scientifique Directe),,0,W4206849126,,
repository deposit,interacciones-entre-plantas-y-polinizadores-en-el-parqur-nacional-del-teide-cons,"Interacciones entre plantas y polinizadores en el Parqur Nacional del Teide: consecuencias ecológicas de la introducción masiva de la abeja doméstica, Apis melifera (Apidae)",2011,DIGITAL.CSIC (Spanish National Research Council (CSIC)),,4,W1024877374,,
repository deposit,male-fecundity-and-pollen-dispersal-in-populations-of-a-riparian-tree-species,Male fecundity and pollen dispersal in populations of a riparian tree species,2011,HAL (Le Centre pour la Communication Scientifique Directe),,0,W3119055963,,
repository deposit,darwin-en-sevilla-antonio-machado-y-núñez-y-los-darwinistas-sevillanos,Darwin en Sevilla: Antonio Machado y Núñez y los darwinistas sevillanos,2010,Dialnet (Universidad de la Rioja),,0,W3162976737,,
repository deposit,el-significado-actual-de-la-evolución,El significado actual de la evolución,2010,Dialnet (Universidad de la Rioja),,0,W3091347236,,
repository deposit,la-evolución-hoy-conferencias-organizadas,La evolución hoy. Conferencias Organizadas,2010,Dialnet (Universidad de la Rioja),,0,W3083026123,,
repository deposit,mutualistic-networks-reports-from-the-esa-annual-meeting,Mutualistic networks. Reports from the ESA Annual Meeting,2010,DIGITAL.CSIC (Spanish National Research Council (CSIC)),,1,W978104007,,
repository deposit,redes-mutualistas-de-especies,Redes mutualistas de especies,2008,DIGITAL.CSIC (Spanish National Research Council (CSIC)),,18,W1489764016,,
repository deposit,seed-dispersal-by-frugivores-an-empirical-approach-to-analyze-their-demographic-,Seed dispersal by frugivores: An empirical approach to analyze their demographic consequences,2007,DIGITAL.CSIC (Spanish National Research Council (CSIC)),,3,W299787290,,
repository deposit,initial-recruitment-of-vertebrate-dispersed-plants-dissecting-spatial-patterns-t,Initial Recruitment of Vertebrate-Dispersed Plants: Dissecting Spatial Patterns Through Time,2005,Digital Commons - USU (Utah State University),,0,W107632162,,
repository deposit,spatial-and-temporal-dynamics-of-seed-rain-and-seedling-emergence-in-animal-disp,Spatial and Temporal Dynamics of Seed Rain and Seedling Emergence in Animal-Dispersed Species: Bridging Dispersal and Establishment,2005,Digital Commons - USU (Utah State University),,0,W153752343,,
repository deposit,ecological-and-demographic-research-in-mediterranean-forests-of-southern-spain-a,Ecological and demographic research in Mediterranean forests of Southern Spain: applications to conservation and restoration.,2001,DIGITAL.CSIC (Spanish National Research Council (CSIC)),,5,W1006099515,,
repository deposit,variación-de-la-dieta-frugívora-otoño-invernal-del-petirrojo-erithacus-rubecula-,Variación de la dieta frugívora otoño-invernal del Petirrojo (Erithacus rubecula): efectos sobre la condición corporal,1989,DIGITAL.CSIC (Spanish National Research Council (CSIC)),,7,W969903211,,
repository deposit,polinización-y-variabilidad-de-la-producción-de-semillas-en-pistacia-lentiscus-l,Polinización y variabilidad de la producción de semillas en Pistacia lentiscus L. (Anacardiaceae),1988,DIGITAL.CSIC (Spanish National Research Council (CSIC)),,22,W2212179132,,
repository deposit,importancia-de-la-estructura-de-la-vegetación-en-la-selección-del-hábitat-para-l,Importancia de la estructura de la vegetación en la selección del hábitat para la nidificación en una comunidad de rapaces diurnas mediterráneas,1981,DIGITAL.CSIC (Spanish National Research Council (CSIC)),,2,W1040261058,,
repository deposit,doñana-acta-vertebrata-vol-5-12,Doñana. Acta vertebrata. vol 5 (1/2),1978,DIGITAL.CSIC (Spanish National Research Council (CSIC)),,0,W2469545589,,
