deposit_title,deposit_type,deposit_doi,deposit_url,kinds,match_method,match_score,parent_doi,parent_title,parent_year
Appendix A. Description of animal mutualists and antagonists included in the study.,dataset,10.6084/m9.figshare.3562782,https://doi.org/10.6084/m9.figshare.3562782,data,datacite:IsSupplementTo,1.00,10.1890/14-2467.1,Hotspots of damage by antagonists shape the spatial structure of plant–pollinator interactions,2015
Appendix A. Species codes and identities.,dataset,10.6084/m9.figshare.3544478,https://doi.org/10.6084/m9.figshare.3544478,data,datacite:IsSupplementTo,1.00,10.1890/08-1883.1,Changes of a mutualistic network over time: reanalysis over a 10‐year period,2010
Appendix A. Variation in the number of interactions observed at different timescale resolutions.,dataset,10.6084/m9.figshare.3531533,https://doi.org/10.6084/m9.figshare.3531533,data,datacite:IsSupplementTo,1.00,10.1890/07-1939.1,The temporal dynamics of resource use by frugivorous birds: a network approach,2009
Appendix B. Description of the study site and the replicate patches.,dataset,10.6084/m9.figshare.3562779,https://doi.org/10.6084/m9.figshare.3562779,data,datacite:IsSupplementTo,1.00,10.1890/14-2467.1,Hotspots of damage by antagonists shape the spatial structure of plant–pollinator interactions,2015
Appendix B. Dissimilarity dendrograms for ant species in Networks 1990 and 2000.,dataset,10.6084/m9.figshare.3544475,https://doi.org/10.6084/m9.figshare.3544475,data,datacite:IsSupplementTo,1.00,10.1890/08-1883.1,Changes of a mutualistic network over time: reanalysis over a 10‐year period,2010
Appendix B. Switching behavior classification.,dataset,10.6084/m9.figshare.3531530,https://doi.org/10.6084/m9.figshare.3531530,data,datacite:IsSupplementTo,1.00,10.1890/07-1939.1,The temporal dynamics of resource use by frugivorous birds: a network approach,2009
Appendix C. Description of the methodology used to estimate plant characteristics.,dataset,10.6084/m9.figshare.3562776,https://doi.org/10.6084/m9.figshare.3562776,data,datacite:IsSupplementTo,1.00,10.1890/14-2467.1,Hotspots of damage by antagonists shape the spatial structure of plant–pollinator interactions,2015
Appendix C. Dissimilarity dendrograms for plant species for Networks 1990 and 2000.,dataset,10.6084/m9.figshare.3544472,https://doi.org/10.6084/m9.figshare.3544472,data,datacite:IsSupplementTo,1.00,10.1890/08-1883.1,Changes of a mutualistic network over time: reanalysis over a 10‐year period,2010
Appendix C. Temporal changes in network structure during 1981–1983.,dataset,10.6084/m9.figshare.3531524,https://doi.org/10.6084/m9.figshare.3531524,data,datacite:IsSupplementTo,1.00,10.1890/07-1939.1,The temporal dynamics of resource use by frugivorous birds: a network approach,2009
"Appendix D. Description of the methodology used to estimate the proportion of viable seeds consumed per fruit by predispersal seed predators, plus a table containing the estimated interaction strengths per animal guild.",dataset,10.6084/m9.figshare.3562773,https://doi.org/10.6084/m9.figshare.3562773,data,datacite:IsSupplementTo,1.00,10.1890/14-2467.1,Hotspots of damage by antagonists shape the spatial structure of plant–pollinator interactions,2015
Appendix D. Test effects for nine morphological variables predicting the variation in the proportion of fruits in the diet.,dataset,10.6084/m9.figshare.3531521,https://doi.org/10.6084/m9.figshare.3531521,data,datacite:IsSupplementTo,1.00,10.1890/07-1939.1,The temporal dynamics of resource use by frugivorous birds: a network approach,2009
"Appendix E. Detailed description of spatial point pattern analyses, plus additional results from univariate and bivariate analyses of plant–animal interaction strengths and plant characteristics.",dataset,10.6084/m9.figshare.3562767,https://doi.org/10.6084/m9.figshare.3562767,data,datacite:IsSupplementTo,1.00,10.1890/14-2467.1,Hotspots of damage by antagonists shape the spatial structure of plant–pollinator interactions,2015
Appendix E. Values and significance of the statistic K for the variables under study.,dataset,10.6084/m9.figshare.3531518,https://doi.org/10.6084/m9.figshare.3531518,data,datacite:IsSupplementTo,1.00,10.1890/07-1939.1,The temporal dynamics of resource use by frugivorous birds: a network approach,2009
Appendix F. Further details on methods and results from generalized linear mixed-effects models.,dataset,10.6084/m9.figshare.3562764,https://doi.org/10.6084/m9.figshare.3562764,data,datacite:IsSupplementTo,1.00,10.1890/14-2467.1,Hotspots of damage by antagonists shape the spatial structure of plant–pollinator interactions,2015
"Appendix G. Description of the methodology used to estimate the length of interplant flights by bird pollinators, and results obtained per bird species.",dataset,10.6084/m9.figshare.3562761,https://doi.org/10.6084/m9.figshare.3562761,data,datacite:IsSupplementTo,1.00,10.1890/14-2467.1,Hotspots of damage by antagonists shape the spatial structure of plant–pollinator interactions,2015
Code and dataset from Species-area and network-area relationships in host–helminth interactions,dataset,10.6084/m9.figshare.14248075,https://doi.org/10.6084/m9.figshare.14248075,code+data,datacite:IsSupplementTo,1.00,10.1098/rspb.2020.3143,Species-area and network-area relationships in host–helminth interactions,2021
ESM for Seed dispersal by dispersing juvenile animals from Seed dispersal by dispersing juvenile animals: a source of functional connectivity in fragmented landscapes,article,10.6084/m9.figshare.8311511.v1,https://doi.org/10.6084/m9.figshare.8311511.v1,data,datacite:IsSupplementTo,1.00,10.1098/rsbl.2019.0264,Seed dispersal by dispersing juvenile animals: a source of functional connectivity in fragmented landscapes,2019
Supplement 1. MATLAB code used in the calculation of asymmetry values.,dataset,10.6084/m9.figshare.3531515,https://doi.org/10.6084/m9.figshare.3531515,code+data,datacite:IsSupplementTo,1.00,10.1890/07-1939.1,The temporal dynamics of resource use by frugivorous birds: a network approach,2009
"Supplementary material from ""Seed dispersal by dispersing juvenile animals: a source of functional connectivity in fragmented landscapes""",supplementary-materials,10.6084/m9.figshare.c.4551821.v1,https://doi.org/10.6084/m9.figshare.c.4551821.v1,data,datacite:IsSupplementTo,1.00,10.1098/rsbl.2019.0264,Seed dispersal by dispersing juvenile animals: a source of functional connectivity in fragmented landscapes,2019
"Supplementary material from ""Species-area and network-area relationships in host–helminth interactions""",supplementary-materials,10.6084/m9.figshare.c.5345000.v2,https://doi.org/10.6084/m9.figshare.c.5345000.v2,data,datacite:IsSupplementTo,1.00,10.1098/rspb.2020.3143,Species-area and network-area relationships in host–helminth interactions,2021
"Code and data to reproduce the analyses in ""Parasite species richness and host range are not spatially conserved""",dataset,10.6084/m9.figshare.9977420,https://doi.org/10.6084/m9.figshare.9977420,code+data,title,1.00,10.1111/geb.13452,Parasite species richness and host range are not spatially conserved,2022
"Data from: The biodiversity of plant-frugivore interactions: types, functions, and consequences",other,10.5281/zenodo.19482637,https://doi.org/10.5281/zenodo.19482637,data,title,1.00,10.1002/oik.11991,"The biodiversity of plant–frugivore interactions: types, functions and consequences",2026
"Dataset: Extant fruit-eating birds promote genetically diverse seed rain, but disperse to fewer sites in defaunated tropical forests",dataset,10.6084/m9.figshare.13129913,https://doi.org/10.6084/m9.figshare.13129913,data,title,1.00,10.1111/1365-2745.13534,"Extant fruit‐eating birds promote genetically diverse seed rain, but disperse to fewer sites in defaunated tropical forests",2020
Defaunation implications for ecosystem carbon cycling and storage in tropical forests,dataset,10.6084/m9.figshare.5280709,https://doi.org/10.6084/m9.figshare.5280709,data,title,0.75,10.1126/sciadv.1501105,Defaunation affects carbon storage in tropical forests,2015
Ecol-Lett_Fuzessy-et-al-2021_Phylogenetic_congruence_between_Neotropical_primates_and_plants,dataset,10.5281/zenodo.5578594,https://doi.org/10.5281/zenodo.5578594,data,title,0.73,10.1111/ele.13918,Phylogenetic congruence between Neotropical primates and plants is driven by frugivory,2021
"Supplemental Information, Code, And Data For The Ms: Defaunation Impacts Carbon Storage In Tropical Forests.",supplementary-materials,10.5281/zenodo.31880,https://doi.org/10.5281/zenodo.31880,code+data,title,0.94,10.1126/sciadv.1501105,Defaunation affects carbon storage in tropical forests,2015
Ms_Network-Sampling: Draft Ms For Functional Ecology Special Issue On Networks.,editorial,10.5281/zenodo.29437,https://doi.org/10.5281/zenodo.29437,data,title (below threshold),0.49,,,
TempPart Data,dataset,10.6084/m9.figshare.14376473,https://doi.org/10.6084/m9.figshare.14376473,data,title (below threshold),0.35,,,
pedroj/effectiveness_pckg: R package: effect.lndscp v.0.2,software,10.5281/zenodo.376763,https://doi.org/10.5281/zenodo.376763,code,title (below threshold),0.43,,,
